"Model","Coefficient","R_Squared","Adj_R2","P_Value"
"Model 1 (Raw)",4.447,0.0341,0.0335,1.51051364200244e-13
"Model 2 (Product Controls)",1.772,0.2109,0.2089,0.00157307132158874
"Model 3 (Store FE)",1.163,0.2442,0.2364,0.0366605543488692
