"region_name","Mean_Margin_After","Mean_Margin_Before","N_After","N_Before","Effect"
"Metropole Centre",16.1353558655138,12.3096402684848,162,144,3.83
"Shopping Mall",17.9184839829532,12.5872101407302,275,228,5.33
"Town Centre",16.8236083226296,12.7263932282274,412,352,4.1
